{"cameraMode":{"drawMode":0,"name":"Shaded","section":"Shading Mode"},"sceneLighting":true,"audioPlay":false,"sceneViewState":{"m_AlwaysRefresh":true,"showFog":true,"showSkybox":false,"showFlares":true,"showImageEffects":true,"showParticleSystems":true,"showVisualEffectGraphs":true,"m_FxEnabled":true},"in2DMode":false,"pivot":{"x":15.595684051513672,"y":-4.344257354736328,"z":19.221830368041993},"rotation":{"x":0.11123494058847428,"y":0.3014553189277649,"z":-0.03543655201792717,"w":0.9463093280792236},"size":20.453699111938478,"orthographic":false}