{"cameraMode":{"drawMode":0,"name":"Shaded","section":"Shading Mode"},"sceneLighting":true,"audioPlay":false,"sceneViewState":{"m_AlwaysRefresh":true,"showFog":true,"showSkybox":false,"showFlares":true,"showImageEffects":true,"showParticleSystems":true,"showVisualEffectGraphs":true,"m_FxEnabled":true},"in2DMode":false,"pivot":{"x":-1.2336137294769288,"y":-11.297416687011719,"z":20.122472763061525},"rotation":{"x":0.23527193069458009,"y":-0.029448775574564935,"z":0.007132010068744421,"w":0.9714575409889221},"size":30.36868667602539,"orthographic":false}